gene,position,ref_aa,alt_aa,complex,partner,pdb,ddg_multimer,success
shroom3,35,G,V,shroom3_rock2,rock2,SHROOM3_ROCK2_6d81e_unrelaxed_rank_001_alphafold2_multimer_v3_model_5_seed_000.pdb,1.47486,True
shroom3,60,G,V,shroom3_rock2,rock2,SHROOM3_ROCK2_6d81e_unrelaxed_rank_001_alphafold2_multimer_v3_model_5_seed_000.pdb,4.13562,True
shroom3,161,H,Q,shroom3_rock2,rock2,SHROOM3_ROCK2_6d81e_unrelaxed_rank_001_alphafold2_multimer_v3_model_5_seed_000.pdb,-0.288476,True
shroom3,352,R,Q,shroom3_rock2,rock2,SHROOM3_ROCK2_6d81e_unrelaxed_rank_001_alphafold2_multimer_v3_model_5_seed_000.pdb,2.01888,True
shroom3,718,R,Q,shroom3_rock2,rock2,SHROOM3_ROCK2_6d81e_unrelaxed_rank_001_alphafold2_multimer_v3_model_5_seed_000.pdb,0.719447,True
shroom3,793,Q,P,shroom3_rock2,rock2,SHROOM3_ROCK2_6d81e_unrelaxed_rank_001_alphafold2_multimer_v3_model_5_seed_000.pdb,0.997593,True
shroom3,869,G,R,shroom3_rock2,rock2,SHROOM3_ROCK2_6d81e_unrelaxed_rank_001_alphafold2_multimer_v3_model_5_seed_000.pdb,1.01818,True
shroom3,945,D,V,shroom3_rock2,rock2,SHROOM3_ROCK2_6d81e_unrelaxed_rank_001_alphafold2_multimer_v3_model_5_seed_000.pdb,0.690611,True
shroom3,1008,R,H,shroom3_rock2,rock2,SHROOM3_ROCK2_6d81e_unrelaxed_rank_001_alphafold2_multimer_v3_model_5_seed_000.pdb,3.7622,True
shroom3,1481,T,P,shroom3_rock2,rock2,SHROOM3_ROCK2_6d81e_unrelaxed_rank_001_alphafold2_multimer_v3_model_5_seed_000.pdb,-0.621795,True
shroom3,1558,Q,P,shroom3_rock2,rock2,SHROOM3_ROCK2_6d81e_unrelaxed_rank_001_alphafold2_multimer_v3_model_5_seed_000.pdb,0.326646,True
shroom3,1620,V,I,shroom3_rock2,rock2,SHROOM3_ROCK2_6d81e_unrelaxed_rank_001_alphafold2_multimer_v3_model_5_seed_000.pdb,-0.459832,True
shroom3,1623,Q,K,shroom3_rock2,rock2,SHROOM3_ROCK2_6d81e_unrelaxed_rank_001_alphafold2_multimer_v3_model_5_seed_000.pdb,-0.106436,True
shroom3,35,G,V,shroom3_cdh2,cdh2,fold_shroom3_cdh2_truncated_model_0.pdb,6.01855,True
shroom3,60,G,V,shroom3_cdh2,cdh2,fold_shroom3_cdh2_truncated_model_0.pdb,4.09103,True
shroom3,161,H,Q,shroom3_cdh2,cdh2,fold_shroom3_cdh2_truncated_model_0.pdb,-0.822787,True
shroom3,352,R,Q,shroom3_cdh2,cdh2,fold_shroom3_cdh2_truncated_model_0.pdb,0.00490612,True
shroom3,718,R,Q,shroom3_cdh2,cdh2,fold_shroom3_cdh2_truncated_model_0.pdb,1.54124,True
shroom3,793,Q,P,shroom3_cdh2,cdh2,fold_shroom3_cdh2_truncated_model_0.pdb,-0.290934,True
shroom3,869,G,R,shroom3_cdh2,cdh2,fold_shroom3_cdh2_truncated_model_0.pdb,3.24298,True
shroom3,945,D,V,shroom3_cdh2,cdh2,fold_shroom3_cdh2_truncated_model_0.pdb,1.18543,True
shroom3,1008,R,H,shroom3_cdh2,cdh2,fold_shroom3_cdh2_truncated_model_0.pdb,0.992762,True
shroom3,1481,T,P,shroom3_cdh2,cdh2,fold_shroom3_cdh2_truncated_model_0.pdb,3.70194,True
shroom3,1558,Q,P,shroom3_cdh2,cdh2,fold_shroom3_cdh2_truncated_model_0.pdb,4.98461,True
shroom3,1620,V,I,shroom3_cdh2,cdh2,fold_shroom3_cdh2_truncated_model_0.pdb,-0.105015,True
shroom3,1623,Q,K,shroom3_cdh2,cdh2,fold_shroom3_cdh2_truncated_model_0.pdb,-0.595286,True
shroom3,35,G,V,shroom3_ctnnb1,ctnnb1,fold_shroom3_ctnnb1_model_0.pdb,7.18086,True
shroom3,60,G,V,shroom3_ctnnb1,ctnnb1,fold_shroom3_ctnnb1_model_0.pdb,10.5055,True
shroom3,161,H,Q,shroom3_ctnnb1,ctnnb1,fold_shroom3_ctnnb1_model_0.pdb,-4.67289,True
shroom3,352,R,Q,shroom3_ctnnb1,ctnnb1,fold_shroom3_ctnnb1_model_0.pdb,0.283745,True
shroom3,718,R,Q,shroom3_ctnnb1,ctnnb1,fold_shroom3_ctnnb1_model_0.pdb,0.386175,True
shroom3,793,Q,P,shroom3_ctnnb1,ctnnb1,fold_shroom3_ctnnb1_model_0.pdb,1.72752,True
shroom3,869,G,R,shroom3_ctnnb1,ctnnb1,fold_shroom3_ctnnb1_model_0.pdb,-0.800884,True
shroom3,945,D,V,shroom3_ctnnb1,ctnnb1,fold_shroom3_ctnnb1_model_0.pdb,0.827769,True
shroom3,1008,R,H,shroom3_ctnnb1,ctnnb1,fold_shroom3_ctnnb1_model_0.pdb,-0.802284,True
shroom3,1481,T,P,shroom3_ctnnb1,ctnnb1,fold_shroom3_ctnnb1_model_0.pdb,-3.12133,True
shroom3,1558,Q,P,shroom3_ctnnb1,ctnnb1,fold_shroom3_ctnnb1_model_0.pdb,1.99814,True
shroom3,1620,V,I,shroom3_ctnnb1,ctnnb1,fold_shroom3_ctnnb1_model_0.pdb,0.0554916,True
shroom3,1623,Q,K,shroom3_ctnnb1,ctnnb1,fold_shroom3_ctnnb1_model_0.pdb,0.314634,True
shroom3,35,G,V,shroom3_dvl2,dvl2,fold_shroom3_dvl2_model_0.pdb,5.24801,True
shroom3,60,G,V,shroom3_dvl2,dvl2,fold_shroom3_dvl2_model_0.pdb,3.27221,True
shroom3,161,H,Q,shroom3_dvl2,dvl2,fold_shroom3_dvl2_model_0.pdb,0.072914,True
shroom3,352,R,Q,shroom3_dvl2,dvl2,fold_shroom3_dvl2_model_0.pdb,-1.98459,True
shroom3,718,R,Q,shroom3_dvl2,dvl2,fold_shroom3_dvl2_model_0.pdb,-1.60996,True
shroom3,793,Q,P,shroom3_dvl2,dvl2,fold_shroom3_dvl2_model_0.pdb,1.90183,True
shroom3,869,G,R,shroom3_dvl2,dvl2,fold_shroom3_dvl2_model_0.pdb,-0.788606,True
shroom3,945,D,V,shroom3_dvl2,dvl2,fold_shroom3_dvl2_model_0.pdb,-3.21516,True
shroom3,1008,R,H,shroom3_dvl2,dvl2,fold_shroom3_dvl2_model_0.pdb,0.470858,True
shroom3,1481,T,P,shroom3_dvl2,dvl2,fold_shroom3_dvl2_model_0.pdb,5.48611,True
shroom3,1558,Q,P,shroom3_dvl2,dvl2,fold_shroom3_dvl2_model_0.pdb,2.81664,True
shroom3,1620,V,I,shroom3_dvl2,dvl2,fold_shroom3_dvl2_model_0.pdb,-0.672123,True
shroom3,1623,Q,K,shroom3_dvl2,dvl2,fold_shroom3_dvl2_model_0.pdb,0.605972,True
rock2,367,T,M,rock2_shroom3,shroom3,SHROOM3_ROCK2_6d81e_unrelaxed_rank_001_alphafold2_multimer_v3_model_5_seed_000.pdb,0.026016,True
rock2,663,A,T,rock2_shroom3,shroom3,SHROOM3_ROCK2_6d81e_unrelaxed_rank_001_alphafold2_multimer_v3_model_5_seed_000.pdb,-0.0551739,True
cdh2,21,A,T,cdh2_shroom3,shroom3,fold_shroom3_cdh2_truncated_model_0.pdb,,False
cdh2,24,E,Q,cdh2_shroom3,shroom3,fold_shroom3_cdh2_truncated_model_0.pdb,,False
cdh2,107,Q,E,cdh2_shroom3,shroom3,fold_shroom3_cdh2_truncated_model_0.pdb,,False
cdh2,449,P,T,cdh2_shroom3,shroom3,fold_shroom3_cdh2_truncated_model_0.pdb,,False
cdh2,500,N,S,cdh2_shroom3,shroom3,fold_shroom3_cdh2_truncated_model_0.pdb,,False
dvl2,261,M,V,dvl2_shroom3,shroom3,fold_shroom3_dvl2_model_0.pdb,0.60013,True
dvl2,441,D,Y,dvl2_shroom3,shroom3,fold_shroom3_dvl2_model_0.pdb,-0.398475,True
zic3,98,T,A,zic3_gli3,gli3,fold_zic3_gli3_model_0.pdb,-0.606593,True
zic3,98,T,A,zic3_kpna6,kpna6,fold_zic3_kpna6_model_0_Repair.pdb,0.116166,True
gli3,180,R,Q,gli3_zic3,zic3,fold_zic3_gli3_model_0.pdb,-0.630017,True
gli3,183,T,A,gli3_zic3,zic3,fold_zic3_gli3_model_0.pdb,-0.442236,True
gli3,465,G,R,gli3_zic3,zic3,fold_zic3_gli3_model_0.pdb,-1.3519,True
