gene,position,ref_aa,alt_aa,grantham_distance,grantham_class,substitution_severity,property_changes,variant_summary,pipeline_agreement,v6_final_score,v6_tier,v6_contact_disruption,v6_total_contacts,v6_max_inter_contacts,v6_best_inter_partner,v6_best_burial,v6_best_burial_source,v6_interface_partners_gated,v6_n_interface_partners_gated,v6_score_evidence,v6_mechanism,v6_mechanism_partner,v6_external_evidence_flag,structure_evaluable,ddg_evaluable,am_evaluable,franklin_evaluable,multimer_evaluable,AlphaMissense,AlphaMissense_pathogenicity,AlphaMissense_raw,franklin,franklin_raw,gnomad_af,gnomad_popmax_af,gnomad_homozygotes,gene_pli,gene_loeuf,ddg_monomer,ddg_monomer_confident,ddg_category,ddg_category_raw,ddg_confidence,ddg_multimer_max,ddg_multimer_min,ddg_multimer_mean,ddg_category_multimer,ddg_category_multimer_raw,n_complexes_tested,partners_tested,ddg_low_confidence_flag,ddg_summary_flags,ddg_summary_partners_affected,ddg_summary_partners_neutral,ddg_binding_actin,ddg_fold_actin,ddg_binding_category_actin,ddg_fold_category_actin,ddg_actin_confident,ddg_interp_actin,ddg_binding_actb,ddg_fold_actb,ddg_binding_category_actb,ddg_fold_category_actb,ddg_actb_confident,ddg_interp_actb,ddg_binding_dvl2,ddg_fold_dvl2,ddg_binding_category_dvl2,ddg_fold_category_dvl2,ddg_dvl2_confident,ddg_interp_dvl2,ddg_binding_cdh2_truncated,ddg_fold_cdh2_truncated,ddg_binding_category_cdh2_truncated,ddg_fold_category_cdh2_truncated,ddg_cdh2_truncated_confident,ddg_interp_cdh2_truncated,ddg_binding_ctnnb1,ddg_fold_ctnnb1,ddg_binding_category_ctnnb1,ddg_fold_category_ctnnb1,ddg_ctnnb1_confident,ddg_interp_ctnnb1,ddg_binding_cdh2_cyto,ddg_fold_cdh2_cyto,ddg_binding_category_cdh2_cyto,ddg_fold_category_cdh2_cyto,ddg_cdh2_cyto_confident,ddg_interp_cdh2_cyto,ddg_binding_actb_no_bind,ddg_fold_actb_no_bind,ddg_binding_category_actb_no_bind,ddg_fold_category_actb_no_bind,ddg_actb_no_bind_confident,ddg_interp_actb_no_bind,ddg_binding_rock2,ddg_fold_rock2,ddg_binding_category_rock2,ddg_fold_category_rock2,ddg_rock2_confident,ddg_interp_rock2,ddg_binding_gli3,ddg_fold_gli3,ddg_binding_category_gli3,ddg_fold_category_gli3,ddg_gli3_confident,ddg_interp_gli3,ddg_binding_kpna1,ddg_fold_kpna1,ddg_binding_category_kpna1,ddg_fold_category_kpna1,ddg_kpna1_confident,ddg_interp_kpna1,ddg_binding_kpna6,ddg_fold_kpna6,ddg_binding_category_kpna6,ddg_fold_category_kpna6,ddg_kpna6_confident,ddg_interp_kpna6,ddg_binding_mdfi,ddg_fold_mdfi,ddg_binding_category_mdfi,ddg_fold_category_mdfi,ddg_mdfi_confident,ddg_interp_mdfi,ddg_binding_tcf7l1,ddg_fold_tcf7l1,ddg_binding_category_tcf7l1,ddg_fold_category_tcf7l1,ddg_tcf7l1_confident,ddg_interp_tcf7l1,concordance_strict,concordance_relaxed,concordance_t3,four_way_strict,four_way_strict_denom,four_way_relaxed,four_way_relaxed_denom,four_way_t3,four_way_t3_denom,structure_vote_strict,structure_vote_t3,ddg_vote_strict,ddg_vote_relaxed,am_vote_strict,am_vote_relaxed,franklin_vote_strict,franklin_vote_relaxed,max_abs_ddg,nbhd_mono_contacts_weighted,nbhd_mono_contacts_raw,nbhd_mono_evaluable,nbhd_mono_n_eval_positions,nbhd_final_score,nbhd_score_evidence,nbhd_contact_disruption,nbhd_total_contacts,nbhd_max_inter_weighted,nbhd_best_inter_partner,nbhd_interface_detected,nbhd_tier,nbhd_structure_evaluable,nbhd_mechanism,nbhd_mechanism_partner,nbhd_concordance_strict,nbhd_concordance_relaxed,nbhd_four_way_strict,nbhd_four_way_relaxed,monomer_plddt,monomer_plddt_category,monomer_n_contacts,monomer_contact_category,monomer_aa,monomer_accessibility,monomer_burial,monomer_secondary_structure,monomer_contact_disruption,n_multimer_complexes,multimer_partners,is_interface_any,interface_partners,n_interface_partners,multimer_plddt_max,multimer_plddt_avg,multimer_contacts_max,multimer_contacts_avg,multimer_disruption_max,multimer_disruption_avg,multi_actin_plddt,multi_actin_n_contacts,multi_actin_inter_contacts,multi_actin_is_interface,multi_actin_accessibility,multi_actin_burial,multi_actin_sec_struct,multi_actin_disruption,multi_actin_nbhd_contacts_weighted,multi_actin_nbhd_inter_weighted,multi_actin_nbhd_evaluable,multi_actin_nbhd_has_interface,multi_actb_plddt,multi_actb_n_contacts,multi_actb_inter_contacts,multi_actb_is_interface,multi_actb_accessibility,multi_actb_burial,multi_actb_sec_struct,multi_actb_disruption,multi_actb_nbhd_contacts_weighted,multi_actb_nbhd_inter_weighted,multi_actb_nbhd_evaluable,multi_actb_nbhd_has_interface,multi_dvl2_plddt,multi_dvl2_n_contacts,multi_dvl2_inter_contacts,multi_dvl2_is_interface,multi_dvl2_accessibility,multi_dvl2_burial,multi_dvl2_sec_struct,multi_dvl2_disruption,multi_dvl2_nbhd_contacts_weighted,multi_dvl2_nbhd_inter_weighted,multi_dvl2_nbhd_evaluable,multi_dvl2_nbhd_has_interface,multi_cdh2_truncated_plddt,multi_cdh2_truncated_n_contacts,multi_cdh2_truncated_inter_contacts,multi_cdh2_truncated_is_interface,multi_cdh2_truncated_accessibility,multi_cdh2_truncated_burial,multi_cdh2_truncated_sec_struct,multi_cdh2_truncated_disruption,multi_cdh2_truncated_nbhd_contacts_weighted,multi_cdh2_truncated_nbhd_inter_weighted,multi_cdh2_truncated_nbhd_evaluable,multi_cdh2_truncated_nbhd_has_interface,multi_ctnnb1_plddt,multi_ctnnb1_n_contacts,multi_ctnnb1_inter_contacts,multi_ctnnb1_is_interface,multi_ctnnb1_accessibility,multi_ctnnb1_burial,multi_ctnnb1_sec_struct,multi_ctnnb1_disruption,multi_ctnnb1_nbhd_contacts_weighted,multi_ctnnb1_nbhd_inter_weighted,multi_ctnnb1_nbhd_evaluable,multi_ctnnb1_nbhd_has_interface,multi_cdh2_cyto_plddt,multi_cdh2_cyto_n_contacts,multi_cdh2_cyto_inter_contacts,multi_cdh2_cyto_is_interface,multi_cdh2_cyto_accessibility,multi_cdh2_cyto_burial,multi_cdh2_cyto_sec_struct,multi_cdh2_cyto_disruption,multi_cdh2_cyto_nbhd_contacts_weighted,multi_cdh2_cyto_nbhd_inter_weighted,multi_cdh2_cyto_nbhd_evaluable,multi_cdh2_cyto_nbhd_has_interface,multi_actb_no_bind_plddt,multi_actb_no_bind_n_contacts,multi_actb_no_bind_inter_contacts,multi_actb_no_bind_is_interface,multi_actb_no_bind_accessibility,multi_actb_no_bind_burial,multi_actb_no_bind_sec_struct,multi_actb_no_bind_disruption,multi_actb_no_bind_nbhd_contacts_weighted,multi_actb_no_bind_nbhd_inter_weighted,multi_actb_no_bind_nbhd_evaluable,multi_actb_no_bind_nbhd_has_interface,multi_rock2_plddt,multi_rock2_n_contacts,multi_rock2_inter_contacts,multi_rock2_is_interface,multi_rock2_accessibility,multi_rock2_burial,multi_rock2_sec_struct,multi_rock2_disruption,multi_rock2_nbhd_contacts_weighted,multi_rock2_nbhd_inter_weighted,multi_rock2_nbhd_evaluable,multi_rock2_nbhd_has_interface,multi_gli3_plddt,multi_gli3_n_contacts,multi_gli3_inter_contacts,multi_gli3_is_interface,multi_gli3_accessibility,multi_gli3_burial,multi_gli3_sec_struct,multi_gli3_disruption,multi_gli3_nbhd_contacts_weighted,multi_gli3_nbhd_inter_weighted,multi_gli3_nbhd_evaluable,multi_gli3_nbhd_has_interface,multi_kpna1_plddt,multi_kpna1_n_contacts,multi_kpna1_inter_contacts,multi_kpna1_is_interface,multi_kpna1_accessibility,multi_kpna1_burial,multi_kpna1_sec_struct,multi_kpna1_disruption,multi_kpna1_nbhd_contacts_weighted,multi_kpna1_nbhd_inter_weighted,multi_kpna1_nbhd_evaluable,multi_kpna1_nbhd_has_interface,multi_kpna6_plddt,multi_kpna6_n_contacts,multi_kpna6_inter_contacts,multi_kpna6_is_interface,multi_kpna6_accessibility,multi_kpna6_burial,multi_kpna6_sec_struct,multi_kpna6_disruption,multi_kpna6_nbhd_contacts_weighted,multi_kpna6_nbhd_inter_weighted,multi_kpna6_nbhd_evaluable,multi_kpna6_nbhd_has_interface,multi_mdfi_plddt,multi_mdfi_n_contacts,multi_mdfi_inter_contacts,multi_mdfi_is_interface,multi_mdfi_accessibility,multi_mdfi_burial,multi_mdfi_sec_struct,multi_mdfi_disruption,multi_mdfi_nbhd_contacts_weighted,multi_mdfi_nbhd_inter_weighted,multi_mdfi_nbhd_evaluable,multi_mdfi_nbhd_has_interface,multi_tcf7l1_plddt,multi_tcf7l1_n_contacts,multi_tcf7l1_inter_contacts,multi_tcf7l1_is_interface,multi_tcf7l1_accessibility,multi_tcf7l1_burial,multi_tcf7l1_sec_struct,multi_tcf7l1_disruption,multi_tcf7l1_nbhd_contacts_weighted,multi_tcf7l1_nbhd_inter_weighted,multi_tcf7l1_nbhd_evaluable,multi_tcf7l1_nbhd_has_interface,confidence,best_plddt
shroom3,35,G,V,109,moderately_radical,2.03,hydrophobic:False->True,Tier 1 | Fold destab. + PPI stabilization (conflicting) [actin] | Concordance 3/4,Concordant high,6.5,Tier 1,12.18,6.0,1.0,rock2,buried_core,monomer,rock2,1,disruption(12.2);interface(rock2);buried_core(monomer),Fold destab. + PPI stabilization (conflicting),actin,False,True,True,True,True,True,likely_pathogenic,0.8766,likely_pathogenic,VUS (mid),VUS (mid),,,,,,5.19036,True,highly_destabilizing,highly_destabilizing,high,0.276,-11.99,-3.75355,highly_stabilizing,highly_stabilizing,8.0,actin;actb;dvl2;cdh2_truncated;ctnnb1;cdh2_cyto;actb_no_bind;rock2,,fold_disrupted; has_interaction_strengthened,"actin(-3.2), dvl2(-1.7), ctnnb1(-11.8), cdh2_cyto(-1.4), rock2(-12.0)","actb, cdh2_truncated, actb_no_bind",-3.22,5.62644,highly_stabilizing,highly_destabilizing,True,disrupted_fold/strengthened_interaction|fold_context_confirmed,0.0031,7.42614,neutral,highly_destabilizing,True,disrupted_fold/neutral_interaction|fold_context_confirmed,-1.663,5.148027,stabilizing,highly_destabilizing,True,disrupted_fold/strengthened_interaction|fold_context_confirmed,0.276,6.03692,neutral,highly_destabilizing,True,disrupted_fold/neutral_interaction|fold_context_confirmed,-11.814,7.151503,highly_stabilizing,highly_destabilizing,True,disrupted_fold/strengthened_interaction|fold_context_confirmed,-1.4015,5.172133,stabilizing,highly_destabilizing,True,disrupted_fold/strengthened_interaction|fold_context_confirmed,-0.219,12.931367,neutral,highly_destabilizing,True,disrupted_fold/neutral_interaction|fold_context_confirmed,-11.99,1.618837,highly_stabilizing,destabilizing,True,disrupted_fold/strengthened_interaction|fold_context_confirmed,,,,,False,,,,,,False,,,,,,False,,,,,,False,,,,,,False,,3/4,4/4,3/4,3,4,4,4,3,4,1,1,1,1,1,1,0,1,12.931367,20.75,44.0,True,7,8.0,nbhd_disruption(56.3);nbhd_multi_interface(5);buried_core,56.33,27.75,7.0,actb_no_bind,True,Tier 1,True,Fold destab. + PPI stabilization (conflicting),actin,3/4,4/4,3,4,84.37,confident,5.0,medium_contact,G,0.034835429,buried_core,-,5.0,8,dvl2;rock2;cdh2_truncated;actb_no_bind;cdh2_cyto;actb;actin;ctnnb1,True,rock2,1,87.79,74.34,6.0,5.0,6.0,5.0,71.06,6.0,0.0,False,0.02322362,buried_core,S,6.0,32.0,0.0,True,False,77.15,4.0,0.0,False,0.02322362,buried_core,-,4.0,20.75,0.0,True,False,74.18,5.0,0.0,False,0.058059049,partially_buried,S,5.0,21.75,0.0,True,False,79.28,5.0,0.0,False,0.0,buried_core,-,5.0,25.75,0.5,True,True,72.48,5.0,0.0,False,0.034835429,buried_core,-,5.0,22.0,4.75,True,True,87.79,5.0,0.0,False,0.046447239,buried_core,S,5.0,19.0,1.75,True,True,68.38,5.0,0.0,False,0.0,buried_core,-,5.0,21.75,7.0,True,True,64.44,5.0,1.0,True,0.058059049,partially_buried,S,5.0,22.25,1.75,True,True,,,,,,,,,,,,,,,,,,,,,,,,,,,,,,,,,,,,,,,,,,,,,,,,,,,,,,,,,,,,,high,87.79
shroom3,60,G,V,109,moderately_radical,2.03,hydrophobic:False->True,Tier 1 | Fold destab. + PPI stabilization (conflicting) [actin] | Concordance 3/4,Concordant high,7.0,Tier 1,12.18,6.0,4.0,actb_no_bind,buried_core,actin,ctnnb1;actb_no_bind,2,disruption(12.2);multi_interface(2);buried_core(actin),Fold destab. + PPI stabilization (conflicting),actin,False,True,True,True,True,True,likely_pathogenic,0.7298,likely_pathogenic,Benign,benign,,,,,,4.15634,True,highly_destabilizing,highly_destabilizing,high,0.0497,-6.489,-0.826788,highly_stabilizing,highly_stabilizing,8.0,actin;actb;dvl2;cdh2_truncated;ctnnb1;cdh2_cyto;actb_no_bind;rock2,,fold_disrupted; has_interaction_strengthened,actin(-6.5),"actb, dvl2, cdh2_truncated, ctnnb1, cdh2_cyto, actb_no_bind, rock2",-6.489,8.764303,highly_stabilizing,highly_destabilizing,True,disrupted_fold/strengthened_interaction|fold_context_confirmed,0.0,4.248927,neutral,highly_destabilizing,True,disrupted_fold/neutral_interaction|fold_context_confirmed,0.0,3.442077,neutral,highly_destabilizing,True,disrupted_fold/neutral_interaction|fold_context_confirmed,-0.039,4.07722,neutral,highly_destabilizing,True,disrupted_fold/neutral_interaction|fold_context_confirmed,-0.173,10.601433,neutral,highly_destabilizing,True,disrupted_fold/neutral_interaction|fold_context_confirmed,0.0497,3.84697,neutral,highly_destabilizing,True,disrupted_fold/neutral_interaction|fold_context_confirmed,0.047,7.19151,neutral,highly_destabilizing,True,disrupted_fold/neutral_interaction|fold_context_confirmed,-0.01,4.093407,neutral,highly_destabilizing,True,disrupted_fold/neutral_interaction|fold_context_confirmed,,,,,False,,,,,,False,,,,,,False,,,,,,False,,,,,,False,,3/4,3/4,3/4,3,4,3,4,3,4,1,1,1,1,1,1,0,0,10.601433,17.75,39.0,True,7,8.0,nbhd_disruption(54.3);nbhd_multi_interface(5);buried_core,54.3,26.75,9.0,actb_no_bind,True,Tier 1,True,Fold destab. + PPI stabilization (conflicting),actin,3/4,3/4,3,3,87.19,confident,2.0,medium_contact,G,0.606595626,surface_exposed,T,2.0,8,dvl2;rock2;cdh2_truncated;actb_no_bind;cdh2_cyto;actb;actin;ctnnb1,True,actb_no_bind;ctnnb1,2,88.95,77.57,5.0,2.5,5.0,2.5,75.86,5.0,0.0,False,0.02322362,buried_core,T,5.0,35.75,0.0,True,False,81.49,2.0,0.0,False,0.596080353,surface_exposed,T,2.0,20.0,0.0,True,False,79.08,3.0,0.0,False,0.483251865,surface_exposed,T,3.0,27.25,0.0,True,False,78.78,2.0,0.0,False,0.594983816,surface_exposed,T,2.0,22.0,1.75,True,True,76.69,2.0,2.0,True,0.248569094,partially_buried,T,2.0,20.75,7.5,True,True,88.95,2.0,0.0,False,0.566056635,surface_exposed,T,2.0,17.75,1.0,True,True,75.18,2.0,4.0,True,0.157540843,partially_buried,T,2.0,21.0,9.0,True,True,64.56,2.0,0.0,False,0.683737554,surface_exposed,T,2.0,17.75,0.5,True,True,,,,,,,,,,,,,,,,,,,,,,,,,,,,,,,,,,,,,,,,,,,,,,,,,,,,,,,,,,,,,high,88.95
shroom3,106,V,L,32,conservative,0.6,size:small->medium,Tier 2 | Fold destabilization | Concordance 2/4,Concordant high,4.0,Tier 2,5.4,9.0,0.0,,buried_core,monomer,,0,disruption(5.4);buried_core(monomer),Fold destabilization,,False,True,True,True,True,True,likely_pathogenic,0.6178,likely_pathogenic,VUS (low),VUS (low),,,,,,1.92785,True,destabilizing,destabilizing,high,0.001,-0.043,-0.0055,neutral,neutral,8.0,actin;actb;dvl2;cdh2_truncated;ctnnb1;cdh2_cyto;actb_no_bind;rock2,,fold_disrupted; fold_context_rescued(actin;actb;dvl2;ctnnb1;actb_no_bind),,"actin, actb, dvl2, cdh2_truncated, ctnnb1, cdh2_cyto, actb_no_bind, rock2",0.0,0.310842,neutral,neutral,True,disrupted_fold/neutral_interaction|fold_context_rescued,0.0,-0.554147,neutral,mildly_stabilizing,True,disrupted_fold/neutral_interaction|fold_context_rescued,-0.002,-0.33839,neutral,neutral,True,disrupted_fold/neutral_interaction|fold_context_rescued,-0.043,1.240066,neutral,destabilizing,True,disrupted_fold/neutral_interaction|fold_context_confirmed,0.001,-0.377543,neutral,neutral,True,disrupted_fold/neutral_interaction|fold_context_rescued,0.0,1.101462,neutral,destabilizing,True,disrupted_fold/neutral_interaction|fold_context_confirmed,0.0,0.264768,neutral,neutral,True,disrupted_fold/neutral_interaction|fold_context_rescued,0.0,1.480352,neutral,destabilizing,True,disrupted_fold/neutral_interaction|fold_context_confirmed,,,,,False,,,,,,False,,,,,,False,,,,,,False,,,,,,False,,2/4,3/4,2/4,2,4,3,4,2,4,1,1,0,1,1,1,0,0,1.92785,36.25,60.0,True,7,7.5,nbhd_disruption(22.1);nbhd_interface(dvl2);buried_core,22.05,36.75,0.5,dvl2,True,Tier 1,True,Fold destabilization,,2/4,3/4,2,3,89.39,confident,9.0,high_contact,V,0.0,buried_core,E,9.0,8,dvl2;rock2;cdh2_truncated;actb_no_bind;cdh2_cyto;actb;actin;ctnnb1,False,,0,92.95,85.24,10.0,9.12,10.0,9.12,84.09,9.0,0.0,False,0.0,buried_core,E,9.0,35.5,0.0,True,False,86.97,9.0,0.0,False,0.0,buried_core,E,9.0,37.0,0.0,True,False,86.48,9.0,0.0,False,0.0,buried_core,E,9.0,41.5,0.5,True,True,84.99,9.0,0.0,False,0.0,buried_core,E,9.0,41.0,0.0,True,False,84.36,9.0,0.0,False,0.0,buried_core,E,9.0,36.5,0.0,True,False,92.95,9.0,0.0,False,0.0,buried_core,E,9.0,34.25,0.0,True,False,85.68,9.0,0.0,False,0.0,buried_core,E,9.0,37.25,0.0,True,False,76.44,10.0,0.0,False,0.013880784,buried_core,E,10.0,35.5,0.0,True,False,,,,,,,,,,,,,,,,,,,,,,,,,,,,,,,,,,,,,,,,,,,,,,,,,,,,,,,,,,,,,high,92.95
shroom3,793,Q,P,76,moderately_conservative,1.41,size:medium->small,Tier 2 | Fold destab. + PPI stabilization (conflicting) [cdh2_cyto] | Concordance 1/3,Neighborhood-depressed,3.15,Tier 2,5.64,4.0,1.0,cdh2_cyto,partially_buried,cdh2_cyto,cdh2_cyto,1,disruption(5.6);interface(cdh2_cyto);partially_buried(cdh2_cyto);low_plddt(54),Fold destab. + PPI stabilization (conflicting),cdh2_cyto,False,True,False,True,True,True,likely_benign,0.1164,likely_benign,Likely Benign,likely benign,,,,,,2.41549,False,highly_destabilizing_unreliable,highly_destabilizing,low,-1.8288,-1.8288,-1.8288,stabilizing,stabilizing,1.0,cdh2_cyto,,fold_unknown(low_confidence); has_interaction_strengthened,cdh2_cyto(-1.8),,,,,,False,,,,,,False,,,,,,False,,,,,,False,,,,,,False,,-1.8288,4.149933,stabilizing,highly_destabilizing,True,disrupted_fold/strengthened_interaction|fold_context_confirmed,,,,,False,,,,,,False,,,,,,False,,,,,,False,,,,,,False,,,,,,False,,,,,,False,,1/3,1/3,1/3,1,3,1,3,1,3,1,1,0,0,0,0,0,0,4.149933,,,False,0,,not_evaluable,,,,,False,Tier 4,False,Structure unevaluable,,0/2,0/2,0,0,40.88,very_low,3.0,medium_contact,Q,0.607344253,surface_exposed,G,3.0,8,dvl2;rock2;cdh2_truncated;actb_no_bind;cdh2_cyto;actb;actin;ctnnb1,True,actb_no_bind;cdh2_cyto,2,54.76,38.67,11.0,7.0,11.0,7.0,41.79,11.0,0.0,False,0.0,buried_core,H,11.0,,,False,False,34.69,9.0,0.0,False,0.045475852,buried_core,I,9.0,,,False,False,40.28,10.0,0.0,False,0.02086375,buried_core,H,10.0,,,False,False,43.97,6.0,0.0,False,0.515655489,surface_exposed,S,6.0,,,False,False,39.69,7.0,0.0,False,0.272665891,surface_exposed,H,7.0,,,False,False,54.76,5.0,1.0,True,0.223763162,partially_buried,H,5.0,17.25,2.25,True,True,41.09,8.0,2.0,True,0.043463557,buried_core,T,8.0,,,False,False,13.06,0.0,0.0,False,0.753053945,surface_exposed,-,0.0,,,False,False,,,,,,,,,,,,,,,,,,,,,,,,,,,,,,,,,,,,,,,,,,,,,,,,,,,,,,,,,,,,,low,54.76
shroom3,1054,V,L,32,conservative,0.6,size:small->medium,Tier 2 | Fold destab. + PPI stabilization (conflicting) [actb] | Concordance 1/3,Neighborhood-depressed,4.2,Tier 2,5.4,9.0,7.0,actb,buried_core,actb,actb;cdh2_truncated;cdh2_cyto,3,disruption(5.4);multi_interface(3);buried_core(actb);low_plddt(61),Fold destab. + PPI stabilization (conflicting),actb,False,True,False,True,True,True,ambiguous,0.436,ambiguous,Benign,benign,,,,,,-0.409661,False,neutral_unreliable,neutral,low,-0.491,-8.4813,-4.51232,highly_stabilizing,highly_stabilizing,5.0,actin;actb;cdh2_truncated;cdh2_cyto;rock2,rock2:-3.80(pLDDT=15),fold_unknown(low_confidence); has_interaction_strengthened,"actb(-2.7), cdh2_truncated(-8.5), cdh2_cyto(-7.1)",,-0.491,0.206057,neutral_unreliable,neutral_unreliable,False,neutral_fold/neutral_interaction,-2.7329,1.044819,highly_stabilizing,destabilizing,True,neutral_fold/strengthened_interaction|fold_context_worsened,,,,,False,,-8.4813,-1.177573,highly_stabilizing,stabilizing,True,neutral_fold/strengthened_interaction|fold_context_stabilized,,,,,False,,-7.0564,-0.566029,highly_stabilizing,mildly_stabilizing,True,neutral_fold/strengthened_interaction,,,,,False,,-3.8,-0.528231,highly_stabilizing_unreliable,mildly_stabilizing_unreliable,False,neutral_fold/strengthened_interaction,,,,,False,,,,,,False,,,,,,False,,,,,,False,,,,,,False,,1/3,2/3,1/3,1,3,2,3,1,3,1,1,0,0,0,1,0,0,8.4813,,,False,0,,not_evaluable,,,,,False,Tier 4,False,Structure unevaluable,,0/2,1/2,0,1,44.0,very_low,2.0,medium_contact,V,0.647554683,surface_exposed,H,2.0,8,dvl2;rock2;cdh2_truncated;actb_no_bind;cdh2_cyto;actb;actin;ctnnb1,True,rock2;cdh2_truncated;cdh2_cyto;actb;actin,5,61.5,42.5,9.0,5.12,9.0,5.12,42.62,3.0,7.0,True,0.020821176,buried_core,H,3.0,,,False,False,61.5,4.0,7.0,True,0.026978987,buried_core,H,4.0,20.25,9.0,True,True,38.8,8.0,0.0,False,0.083284705,partially_buried,H,8.0,,,False,False,51.03,6.0,5.0,True,0.006940392,buried_core,H,6.0,13.0,5.75,True,True,40.72,6.0,0.0,False,0.302501284,surface_exposed,H,6.0,,,False,False,60.3,4.0,4.0,True,0.172198999,partially_buried,H,4.0,9.5,4.5,True,True,29.35,9.0,0.0,False,0.043858056,buried_core,H,9.0,,,False,False,15.72,1.0,4.0,True,0.363066785,surface_exposed,-,1.0,,,False,False,,,,,,,,,,,,,,,,,,,,,,,,,,,,,,,,,,,,,,,,,,,,,,,,,,,,,,,,,,,,,low,61.5
shroom3,1864,G,D,94,moderately_conservative,1.75,size:small->medium;charge:neutral->negative,Tier 2 | Fold destab. + PPI stabilization (conflicting) [dvl2] | Concordance 2/4,Concordant high,3.0,Tier 2,3.5,2.0,0.0,,buried_core,rock2,,0,disruption(3.5);buried_core(rock2),Fold destab. + PPI stabilization (conflicting),dvl2,False,True,True,True,True,True,likely_benign,0.273,likely_benign,Benign,benign,,,,,,0.73198,True,mildly_destabilizing,mildly_destabilizing,high,0.0,-3.15,-0.863943,highly_stabilizing,highly_stabilizing,7.0,actin;actb;dvl2;cdh2_truncated;ctnnb1;cdh2_cyto;rock2,,fold_neutral; has_interaction_strengthened; fold_context_worsened(actb;dvl2;ctnnb1;cdh2_cyto;rock2),"dvl2(-2.0), rock2(-3.1)","actin, actb, cdh2_truncated, ctnnb1, cdh2_cyto",0.0,0.106334,neutral,neutral,True,neutral_fold/neutral_interaction,-0.0219,1.614968,neutral,destabilizing,True,neutral_fold/neutral_interaction|fold_context_worsened,-2.024,2.15819,highly_stabilizing,highly_destabilizing,True,neutral_fold/strengthened_interaction|fold_context_worsened,-0.185,0.411407,neutral,neutral,True,neutral_fold/neutral_interaction,-0.653,4.790777,mildly_stabilizing,highly_destabilizing,True,neutral_fold/neutral_interaction|fold_context_worsened,-0.0137,1.48571,neutral,destabilizing,True,neutral_fold/neutral_interaction|fold_context_worsened,,,,,False,,-3.15,10.786687,highly_stabilizing,highly_destabilizing,True,neutral_fold/strengthened_interaction|fold_context_worsened,,,,,False,,,,,,False,,,,,,False,,,,,,False,,,,,,False,,2/4,2/4,2/4,2,4,2,4,2,4,1,1,1,1,0,0,0,0,10.786687,16.25,29.0,True,7,8.0,nbhd_disruption(30.2);nbhd_multi_interface(2);buried_core,30.19,17.25,1.0,ctnnb1,True,Tier 1,True,Fold destab. + PPI stabilization (conflicting),dvl2,2/4,2/4,2,2,82.92,confident,2.0,medium_contact,G,0.608363134,surface_exposed,H,2.0,8,dvl2;rock2;cdh2_truncated;actb_no_bind;cdh2_cyto;actb;actin;ctnnb1,False,,0,80.4,62.04,9.0,5.75,9.0,5.75,60.52,9.0,0.0,False,0.055653193,partially_buried,H,9.0,31.5,0.0,True,False,64.64,4.0,0.0,False,0.212768471,partially_buried,H,4.0,29.5,0.0,True,False,64.51,9.0,0.0,False,0.127729907,partially_buried,H,9.0,36.75,0.0,True,False,62.34,4.0,0.0,False,0.608363134,surface_exposed,H,4.0,21.25,0.25,True,True,65.24,4.0,0.0,False,0.358525441,surface_exposed,H,4.0,18.0,1.0,True,True,80.4,2.0,0.0,False,0.621284263,surface_exposed,H,2.0,16.75,0.0,True,False,40.02,5.0,0.0,False,0.468275735,surface_exposed,H,5.0,,,False,False,58.66,9.0,0.0,False,0.0,buried_core,H,9.0,35.5,0.0,True,False,,,,,,,,,,,,,,,,,,,,,,,,,,,,,,,,,,,,,,,,,,,,,,,,,,,,,,,,,,,,,high,82.92
rock2,136,F,C,205,radical,3.81,size:large->small,Tier 1 | Fold destabilization | Concordance 2/4,Concordant high,5.0,Tier 1,30.48,8.0,0.0,,partially_buried,monomer,,0,disruption(30.5);partially_buried(monomer),Fold destabilization,,False,True,True,True,True,True,likely_pathogenic,0.9536,likely_pathogenic,Likely Benign,likely benign,,,,,,1.9431,True,destabilizing,destabilizing,high,0.28,0.28,0.28,neutral,neutral,1.0,rock2,,fold_disrupted,,rock2,,,,,False,,,,,,False,,,,,,False,,,,,,False,,,,,,False,,,,,,False,,,,,,False,,0.28,1.768133,neutral,destabilizing,True,disrupted_fold/neutral_interaction|fold_context_confirmed,,,,,False,,,,,,False,,,,,,False,,,,,,False,,,,,,False,,2/4,3/4,2/4,2,4,3,4,2,4,1,1,0,1,1,1,0,0,1.9431,28.5,49.0,True,7,6.5,nbhd_disruption(113.3);nbhd_interface(rock2);partially_buried,113.35,29.75,1.25,rock2,True,Tier 1,True,Fold destabilization,,2/4,3/4,2,3,89.31,confident,8.0,high_contact,F,0.099685353,partially_buried,H,8.0,1,rock2,False,,0,78.81,78.81,10.0,10.0,10.0,10.0,,,,,,,,,,,,,,,,,,,,,,,,,,,,,,,,,,,,,,,,,,,,,,,,,,,,,,,,,,,,,,,,,,,,,,,,,,,,,,,,,,,,,78.81,10.0,0.0,False,0.16604888,partially_buried,-,10.0,29.75,1.25,True,True,,,,,,,,,,,,,,,,,,,,,,,,,,,,,,,,,,,,,,,,,,,,,,,,,,,,,,,,,,,,,high,89.31
rock2,367,T,M,81,moderately_conservative,1.51,size:small->medium;hydrophobic:False->True,Tier 1 | Interface variant (DDG neutral) | Concordance 2/4,Concordant high,5.5,Tier 1,10.57,7.0,1.0,rock2,partially_buried,monomer,rock2,1,disruption(10.6);interface(rock2);partially_buried(monomer),Interface variant (DDG neutral),,False,True,True,True,True,True,likely_benign,0.0722,likely_benign,VUS (high),VUS (high),,,,,,-0.180566,True,neutral,neutral,high,-0.26,-0.26,-0.26,neutral,neutral,1.0,rock2,,fold_neutral,,rock2,,,,,False,,,,,,False,,,,,,False,,,,,,False,,,,,,False,,,,,,False,,,,,,False,,-0.26,-0.221779,neutral,neutral,True,neutral_fold/neutral_interaction,,,,,False,,,,,,False,,,,,,False,,,,,,False,,,,,,False,,2/4,2/4,2/4,2,4,2,4,2,4,1,1,0,0,0,0,1,1,0.26,18.75,36.0,True,7,6.5,nbhd_disruption(31.3);nbhd_interface(rock2);partially_buried,31.33,20.75,2.0,rock2,True,Tier 1,True,Interface variant (DDG neutral),,2/4,2/4,2,2,97.0,very_high,6.0,medium_contact,T,0.172360632,partially_buried,S,6.0,1,rock2,True,rock2,1,81.0,81.0,7.0,7.0,7.0,7.0,,,,,,,,,,,,,,,,,,,,,,,,,,,,,,,,,,,,,,,,,,,,,,,,,,,,,,,,,,,,,,,,,,,,,,,,,,,,,,,,,,,,,81.0,7.0,1.0,True,0.168506263,partially_buried,S,7.0,27.25,2.0,True,True,,,,,,,,,,,,,,,,,,,,,,,,,,,,,,,,,,,,,,,,,,,,,,,,,,,,,,,,,,,,,high,97.0
rock2,601,D,V,152,radical,2.83,size:medium->small;charge:negative->neutral;hydrophobic:False->True,Tier 2 | Structural variant - burial-driven (DDG neutral) | Concordance 1/4,Concordant high,3.0,Tier 2,11.32,4.0,0.0,,surface_exposed,monomer,,0,disruption(11.3),Structural variant - burial-driven (DDG neutral),,False,True,True,True,True,True,likely_benign,0.2558,likely_benign,Likely Benign,likely benign,,,,,,0.224141,True,neutral,neutral,high,0.05,0.05,0.05,neutral,neutral,1.0,rock2,,fold_neutral,,rock2,,,,,False,,,,,,False,,,,,,False,,,,,,False,,,,,,False,,,,,,False,,,,,,False,,0.05,-0.061277,neutral,neutral,True,neutral_fold/neutral_interaction,,,,,False,,,,,,False,,,,,,False,,,,,,False,,,,,,False,,1/4,1/4,1/4,1,4,1,4,1,4,1,1,0,0,0,0,0,0,0.224141,20.25,35.0,True,7,4.0,nbhd_disruption(57.3),57.31,20.25,0.0,,False,Tier 2,True,Structural variant - burial-driven (DDG neutral),,1/4,1/4,1,1,77.38,confident,4.0,medium_contact,D,0.465201571,surface_exposed,H,4.0,1,rock2,False,,0,64.31,64.31,4.0,4.0,4.0,4.0,,,,,,,,,,,,,,,,,,,,,,,,,,,,,,,,,,,,,,,,,,,,,,,,,,,,,,,,,,,,,,,,,,,,,,,,,,,,,,,,,,,,,64.31,4.0,0.0,False,0.474188154,surface_exposed,H,4.0,25.25,0.0,True,False,,,,,,,,,,,,,,,,,,,,,,,,,,,,,,,,,,,,,,,,,,,,,,,,,,,,,,,,,,,,,high,77.38
cdh2,118,A,T,58,moderately_conservative,1.08,hydrophobic:True->False,Tier 2 | Structural variant - burial-driven (DDG neutral) | Concordance 1/4,Concordant high,3.0,Tier 2,5.4,5.0,0.0,,partially_buried,monomer,,0,disruption(5.4);partially_buried(monomer),Structural variant - burial-driven (DDG neutral),,False,True,True,True,True,False,likely_benign,0.0764,likely_benign,Benign,benign,,,,,,0.138313,True,neutral,neutral,high,,,,,,,,,fold_neutral,,,,,,,False,,,,,,False,,,,,,False,,,,,,False,,,,,,False,,,,,,False,,,,,,False,,,,,,False,,,,,,False,,,,,,False,,,,,,False,,,,,,False,,,,,,False,,1/4,1/4,1/4,1,4,1,4,1,4,1,1,0,0,0,0,0,0,0.138313,28.5,54.0,True,7,5.0,nbhd_disruption(30.8);partially_buried,30.78,28.5,0.0,,False,Tier 1,True,Structural variant - burial-driven (DDG neutral),,1/4,1/4,1,1,90.23,very_high,5.0,medium_contact,A,0.241629876,partially_buried,E,5.0,0,,False,,0,,,,,,,,,,,,,,,,,,,,,,,,,,,,,,,,,,,,,,,,,,,,,,False,,,,,,,False,False,,,,,,,,,,,,,,,,False,,,,,,,False,False,,,,,,,,,,,,,,,,,,,,,,,,,,,,,,,,,,,,,,,,,,,,,,,,,,,,,,,,,,,,,,,,,,,,,,,,,,,,,,,,,,,,,high,90.23
cdh2,289,V,I,29,conservative,0.54,size:small->medium,Tier 2 | Structural variant - contact-driven (DDG neutral) | Concordance 1/4,Concordant high,4.0,Tier 2,5.4,10.0,0.0,,buried_core,monomer,,0,disruption(5.4);buried_core(monomer),Structural variant - contact-driven (DDG neutral),,False,True,True,True,True,True,likely_benign,0.1354,likely_benign,VUS (low),VUS (low),,,,,,0.926561,True,mildly_destabilizing,mildly_destabilizing,high,0.0,0.0,0.0,neutral,neutral,1.0,cdh2_truncated,,fold_neutral,,cdh2_truncated,,,,,False,,,,,,False,,,,,,False,,0.0,0.566017,neutral,mildly_destabilizing,True,neutral_fold/neutral_interaction,,,,,False,,,,,,False,,,,,,False,,,,,,False,,,,,,False,,,,,,False,,,,,,False,,,,,,False,,,,,,False,,1/4,1/4,1/4,1,4,1,4,1,4,1,1,0,0,0,0,0,0,0.926561,29.75,51.0,True,7,5.0,nbhd_disruption(16.1);buried_core,16.07,29.75,0.0,,False,Tier 1,True,Structural variant - contact-driven (DDG neutral),,1/4,1/4,1,1,97.71,very_high,10.0,high_contact,V,0.006940392,buried_core,-,10.0,1,cdh2_truncated,False,,0,92.3,92.3,11.0,11.0,11.0,11.0,,,,,,,,,,,,,,,,,,,,,,,,,,,,,,,,,,,,,92.3,11.0,0.0,False,0.0,buried_core,-,11.0,31.5,0.0,True,False,,,,,,,,,,,,,,,,False,,,,,,,False,False,,,,,,,,,,,,,,,,,,,,,,,,,,,,,,,,,,,,,,,,,,,,,,,,,,,,,,,,,,,,,,,,,,,,,,,,,,,,,,,,,,,,,high,97.71
cdh2,500,N,S,46,conservative,0.86,size:medium->small,Tier 2 | Fold destab. + PPI stabilization (conflicting) [cdh2_truncated] | Concordance 2/4,Concordant high,3.0,Tier 2,4.3,5.0,0.0,,partially_buried,cdh2_truncated,,0,disruption(4.3);partially_buried(cdh2_truncated),Fold destab. + PPI stabilization (conflicting),cdh2_truncated,False,True,True,True,True,True,likely_benign,0.0853,likely_benign,Likely Benign,likely benign,,,,,,2.56912,True,highly_destabilizing,highly_destabilizing,high,-1.057,-1.057,-1.057,stabilizing,stabilizing,1.0,cdh2_truncated,,fold_disrupted; has_interaction_strengthened,cdh2_truncated(-1.1),,,,,,False,,,,,,False,,,,,,False,,-1.057,2.219403,stabilizing,highly_destabilizing,True,disrupted_fold/strengthened_interaction|fold_context_confirmed,,,,,False,,,,,,False,,,,,,False,,,,,,False,,,,,,False,,,,,,False,,,,,,False,,,,,,False,,,,,,False,,2/4,2/4,2/4,2,4,2,4,2,4,1,1,1,1,0,0,0,0,2.56912,16.25,32.0,True,7,5.5,nbhd_disruption(15.3);nbhd_interface(cdh2_truncated);partially_buried,15.27,17.75,1.5,cdh2_truncated,True,Tier 1,True,Fold destab. + PPI stabilization (conflicting),cdh2_truncated,2/4,2/4,2,2,94.71,very_high,5.0,medium_contact,N,0.407892855,surface_exposed,S,5.0,1,cdh2_truncated,False,,0,85.13,85.13,7.0,7.0,7.0,7.0,,,,,,,,,,,,,,,,,,,,,,,,,,,,,,,,,,,,,85.13,7.0,0.0,False,0.214802708,partially_buried,S,7.0,21.5,1.5,True,True,,,,,,,,,,,,,,,,False,,,,,,,False,False,,,,,,,,,,,,,,,,,,,,,,,,,,,,,,,,,,,,,,,,,,,,,,,,,,,,,,,,,,,,,,,,,,,,,,,,,,,,,,,,,,,,,high,94.71
dvl2,441,D,Y,160,radical,2.98,size:medium->large;charge:negative->neutral,Tier 1 | PPI stabilization (potential GoF) [dvl2] | Concordance 3/4,Concordant high,6.5,Tier 1,29.8,10.0,5.0,dvl2,partially_buried,dvl2,dvl2,1,disruption(29.8);interface(dvl2);partially_buried(dvl2),PPI stabilization (potential GoF),dvl2,False,True,True,True,True,True,likely_pathogenic,0.99,likely_pathogenic,VUS (mid),VUS (mid),,,,,,0.188439,True,neutral,neutral,high,-5.177,-5.177,-5.177,highly_stabilizing,highly_stabilizing,1.0,dvl2,,fold_neutral; has_interaction_strengthened,dvl2(-5.2),,,,,,False,,,,,,False,,-5.177,-0.029882,highly_stabilizing,neutral,True,neutral_fold/strengthened_interaction,,,,,False,,,,,,False,,,,,,False,,,,,,False,,,,,,False,,,,,,False,,,,,,False,,,,,,False,,,,,,False,,,,,,False,,3/4,4/4,3/4,3,4,4,4,3,4,1,1,1,1,1,1,0,1,5.177,24.0,43.0,True,7,6.5,nbhd_disruption(96.1);nbhd_interface(dvl2);partially_buried,96.11,32.25,8.25,dvl2,True,Tier 1,True,PPI stabilization (potential GoF),dvl2,3/4,4/4,3,4,96.06,very_high,5.0,medium_contact,D,0.4988771,surface_exposed,E,5.0,1,dvl2,True,dvl2,1,79.19,79.19,5.0,5.0,5.0,5.0,,,,,,,,,,,,,,,,,,,,,,,,,79.19,5.0,5.0,True,0.089875138,partially_buried,E,5.0,22.75,8.25,True,True,,,,,,,,,,,,,,,,,,,,,,,,,,,,,,,,,,,,,,,,,,,,,,,,,,,,,,,,,,,,,,,,,,,,,,,,,,,,,,,,,,,,,,,,,,,,,,,,,,,,,,,,,,,,,,,,,,,,,,,,,high,96.06
ctnnb1,151,R,C,180,radical,3.35,size:large->small;charge:positive->neutral;hydrophobic:False->True,Tier 2 | Fold destabilization | Concordance 3/4,Concordant high,3.0,Tier 2,13.4,4.0,0.0,,surface_exposed,monomer,,0,disruption(13.4),Fold destabilization,,False,True,True,True,True,True,likely_pathogenic,0.9399,likely_pathogenic,VUS (high),VUS (high),,,,,,1.06369,True,destabilizing,destabilizing,high,0.0,0.0,0.0,neutral,neutral,1.0,ctnnb1,,fold_disrupted; fold_context_rescued(ctnnb1),,ctnnb1,,,,,False,,,,,,False,,,,,,False,,,,,,False,,0.0,0.750482,neutral,mildly_destabilizing,True,disrupted_fold/neutral_interaction|fold_context_rescued,,,,,False,,,,,,False,,,,,,False,,,,,,False,,,,,,False,,,,,,False,,,,,,False,,,,,,False,,3/4,4/4,3/4,3,4,4,4,3,4,1,1,0,1,1,1,1,1,1.06369,24.0,44.0,True,7,4.0,nbhd_disruption(80.4),80.4,24.0,0.0,,False,Tier 2,True,Fold destabilization,,3/4,4/4,3,4,83.54,confident,4.0,medium_contact,R,0.646387733,surface_exposed,H,4.0,1,ctnnb1,False,,0,78.04,78.04,7.0,7.0,7.0,7.0,,,,,,,,,,,,,,,,,,,,,,,,,,,,,,,,,,,,,,,,,,,,,,,,,78.04,7.0,0.0,False,0.436081128,surface_exposed,H,7.0,31.0,0.0,True,False,,,,,,,,,,,,,,,,,,,,,,,,,,,,,,,,,,,,,,,,,,,,,,,,,,,,,,,,,,,,,,,,,,,,,,,,,,,,,,,,,,,,,,,,,,,,,,,,,high,83.54
ctnnb1,297,T,M,81,moderately_conservative,1.51,size:small->medium;hydrophobic:False->True,Tier 1 | Fold destabilization | Concordance 3/4,Concordant high,5.0,Tier 1,12.08,8.0,0.0,,buried_core,monomer,,0,disruption(12.1);buried_core(monomer),Fold destabilization,,False,True,True,True,True,True,likely_pathogenic,0.8223,likely_pathogenic,VUS (high),VUS (high),,,,,,1.02935,True,destabilizing,destabilizing,high,0.0,0.0,0.0,neutral,neutral,1.0,ctnnb1,,fold_disrupted,,ctnnb1,,,,,False,,,,,,False,,,,,,False,,,,,,False,,0.0,1.470467,neutral,destabilizing,True,disrupted_fold/neutral_interaction|fold_context_confirmed,,,,,False,,,,,,False,,,,,,False,,,,,,False,,,,,,False,,,,,,False,,,,,,False,,,,,,False,,3/4,4/4,3/4,3,4,4,4,3,4,1,1,0,1,1,1,1,1,1.470467,36.5,67.0,True,7,6.0,nbhd_disruption(55.1);buried_core,55.12,36.5,0.0,,False,Tier 1,True,Fold destabilization,,3/4,4/4,3,4,98.77,very_high,8.0,high_contact,T,0.0,buried_core,H,8.0,1,ctnnb1,False,,0,93.17,93.17,8.0,8.0,8.0,8.0,,,,,,,,,,,,,,,,,,,,,,,,,,,,,,,,,,,,,,,,,,,,,,,,,93.17,8.0,0.0,False,0.0,buried_core,H,8.0,41.5,0.0,True,False,,,,,,,,,,,,,,,,,,,,,,,,,,,,,,,,,,,,,,,,,,,,,,,,,,,,,,,,,,,,,,,,,,,,,,,,,,,,,,,,,,,,,,,,,,,,,,,,,high,98.77
zic3,253,C,S,112,moderately_radical,2.08,hydrophobic:True->False,Tier 1 | Fold destabilization | Concordance 4/4,Concordant high,6.0,Tier 1,20.8,10.0,0.0,,buried_core,monomer,,0,disruption(20.8);buried_core(monomer),Fold destabilization,,False,True,True,True,True,True,likely_pathogenic,0.999,likely_pathogenic,VUS (high),VUS (high),,,,,,1.7774,True,destabilizing,,high,0.0472,0.0,0.016848,neutral,neutral,5.0,gli3;kpna1;kpna6;mdfi;tcf7l1,,fold_disrupted,,"gli3, kpna1, kpna6, mdfi, tcf7l1",,,,,False,,,,,,False,,,,,,False,,,,,,False,,,,,,False,,,,,,False,,,,,,False,,,,,,False,,0.0472,2.215197,neutral,highly_destabilizing,True,,0.025,1.265916,neutral,destabilizing,True,,0.0015,2.47236,neutral,highly_destabilizing,True,,0.01054,1.477513,neutral,destabilizing,True,,0.0,2.01078,neutral,highly_destabilizing,True,,4/4,4/4,4/4,4,4,4,4,4,4,1,1,1,1,1,1,1,1,2.47236,31.25,51.0,True,7,8.0,nbhd_disruption(67.1);nbhd_multi_interface(2);buried_core,67.08,32.25,1.0,kpna1,True,Tier 1,True,Fold destabilization,,4/4,4/4,4,4,94.27,very_high,10.0,high_contact,C,0.0,buried_core,P,10.0,5,tcf7l1;gli3;mdfi;kpna6;kpna1,False,,0,90.75,86.28,11.0,10.6,11.0,10.6,,,,,,,,,,,,,,,,,,,,,,,,,,,,,,,,,,,,,,,,,,,,,,,,,,,,,,,,,,,,,,,,,,,,,,,,,,,,,,,,,,,,,,,,,,,,,,,,,74.36,11.0,0.0,False,0.0,buried_core,-,11.0,36.0,0.0,True,False,89.55,11.0,0.0,False,0.0,buried_core,-,11.0,32.75,1.0,True,True,90.07,10.0,0.0,False,0.0,buried_core,-,10.0,31.25,0.75,True,True,90.75,11.0,0.0,False,0.0,buried_core,P,11.0,32.75,0.0,True,False,86.66,10.0,0.0,False,0.0,buried_core,-,10.0,32.75,0.0,True,False,high,94.27
zic3,281,H,Y,83,moderately_conservative,1.54,size:medium->large;charge:positive->neutral,Tier 1 | Structural variant - contact-driven (DDG neutral) | Concordance 3/4,Concordant high,5.0,Tier 1,15.4,10.0,0.0,,buried_core,gli3,,0,disruption(15.4);buried_core(gli3),Structural variant - contact-driven (DDG neutral),,False,True,True,True,True,True,likely_pathogenic,0.991,likely_pathogenic,VUS (high),VUS (high),,,,,,-0.0668,True,neutral,,high,0.0191,-0.0476,-0.015044,neutral,neutral,5.0,gli3;kpna1;kpna6;mdfi;tcf7l1,,fold_neutral,,"gli3, kpna1, kpna6, mdfi, tcf7l1",,,,,False,,,,,,False,,,,,,False,,,,,,False,,,,,,False,,,,,,False,,,,,,False,,,,,,False,,-0.0476,-0.757881,neutral,mildly_stabilizing,True,,-0.03,-0.641598,neutral,mildly_stabilizing,True,,0.0191,0.591288,neutral,mildly_destabilizing,True,,0.00768,0.601382,neutral,mildly_destabilizing,True,,-0.0244,-0.246128,neutral,neutral,True,,3/4,3/4,3/4,3,4,3,4,3,4,1,1,0,0,1,1,1,1,0.757881,32.75,55.0,True,7,7.5,nbhd_disruption(55.0);nbhd_interface(gli3);buried_core,55.05,35.75,3.0,gli3,True,Tier 1,True,Structural variant - contact-driven (DDG neutral),,3/4,3/4,3,3,94.56,very_high,10.0,high_contact,H,0.088086612,partially_buried,H,10.0,5,tcf7l1;gli3;mdfi;kpna6;kpna1,False,,0,90.55,88.48,11.0,10.2,11.0,10.2,,,,,,,,,,,,,,,,,,,,,,,,,,,,,,,,,,,,,,,,,,,,,,,,,,,,,,,,,,,,,,,,,,,,,,,,,,,,,,,,,,,,,,,,,,,,,,,,,82.57,11.0,0.0,False,0.020546577,buried_core,H,11.0,36.75,3.0,True,True,89.26,10.0,0.0,False,0.057775852,partially_buried,H,10.0,35.75,0.0,True,False,90.55,10.0,0.0,False,0.068558247,partially_buried,H,10.0,34.5,0.0,True,False,90.05,10.0,0.0,False,0.062657943,partially_buried,H,10.0,34.75,0.0,True,False,89.99,10.0,0.0,False,0.068558247,partially_buried,H,10.0,34.25,0.0,True,False,high,94.56
zic3,297,C,F,205,radical,3.81,size:small->large,Tier 1 | Fold destab. + PPI stabilization (conflicting) [gli3] | Concordance 4/4,Concordant high,6.0,Tier 1,34.29,9.0,0.0,,buried_core,gli3,,0,disruption(34.3);buried_core(gli3),Fold destab. + PPI stabilization (conflicting),gli3,False,True,True,True,True,True,likely_pathogenic,0.99,likely_pathogenic,VUS (high),VUS (high),,,,,,8.5436,True,highly_destabilizing,,high,0.0002,-5.9423,-1.55999,highly_stabilizing,highly_stabilizing,5.0,gli3;kpna1;kpna6;mdfi;tcf7l1,,fold_disrupted; has_interaction_strengthened,"gli3(-5.9), tcf7l1(-1.5)","kpna1, kpna6, mdfi",,,,,False,,,,,,False,,,,,,False,,,,,,False,,,,,,False,,,,,,False,,,,,,False,,,,,,False,,-5.9423,12.552733,highly_stabilizing,highly_destabilizing,True,,0.0,9.51199,neutral,highly_destabilizing,True,,0.0002,9.865167,neutral,highly_destabilizing,True,,-0.37025,11.273023,neutral,highly_destabilizing,True,,-1.4876,9.057077,stabilizing,highly_destabilizing,True,,4/4,4/4,4/4,4,4,4,4,4,4,1,1,1,1,1,1,1,1,12.552733,30.0,49.0,True,7,6.0,nbhd_disruption(114.3);buried_core,114.3,30.0,0.0,,False,Tier 1,True,Fold destab. + PPI stabilization (conflicting),gli3,4/4,4/4,4,4,93.13,very_high,9.0,high_contact,C,0.052142763,partially_buried,-,9.0,5,tcf7l1;gli3;mdfi;kpna6;kpna1,False,,0,90.41,87.34,9.0,9.0,9.0,9.0,,,,,,,,,,,,,,,,,,,,,,,,,,,,,,,,,,,,,,,,,,,,,,,,,,,,,,,,,,,,,,,,,,,,,,,,,,,,,,,,,,,,,,,,,,,,,,,,,79.6,9.0,0.0,False,0.032079611,buried_core,-,9.0,29.75,0.0,True,False,89.42,9.0,0.0,False,0.038495534,buried_core,-,9.0,29.75,0.0,True,False,90.14,9.0,0.0,False,0.045859352,buried_core,-,9.0,29.75,0.0,True,False,90.41,9.0,0.0,False,0.019247767,buried_core,-,9.0,29.75,0.0,True,False,87.11,9.0,0.0,False,0.032079611,buried_core,-,9.0,29.0,0.0,True,False,high,93.13
zic3,318,H,N,68,moderately_conservative,1.27,charge:positive->neutral,Tier 1 | Fold destab. + PPI stabilization (conflicting) [gli3] | Concordance 4/4,Concordant high,7.0,Tier 1,12.7,10.0,2.0,gli3,buried_core,gli3,gli3;mdfi;tcf7l1,3,disruption(12.7);multi_interface(3);buried_core(gli3),Fold destab. + PPI stabilization (conflicting),gli3,False,True,True,True,True,True,likely_pathogenic,1,likely_pathogenic,VUS (high),VUS (high),,,,,,0.2028,True,neutral,,high,0.0004,-4.0486,-1.924284,highly_stabilizing,highly_stabilizing,5.0,gli3;kpna1;kpna6;mdfi;tcf7l1,,fold_neutral; has_interaction_strengthened; fold_context_worsened(gli3;kpna1;kpna6;mdfi),"gli3(-3.9), mdfi(-1.7), tcf7l1(-4.0)","kpna1, kpna6",,,,,False,,,,,,False,,,,,,False,,,,,,False,,,,,,False,,,,,,False,,,,,,False,,,,,,False,,-3.8646,1.070712,highly_stabilizing,destabilizing,True,,0.0,1.111411,neutral,destabilizing,True,,0.0004,1.155238,neutral,destabilizing,True,,-1.70862,1.001133,stabilizing,destabilizing,True,,-4.0486,0.507621,highly_stabilizing,mildly_destabilizing,True,,4/4,4/4,4/4,4,4,4,4,4,4,1,1,1,1,1,1,1,1,4.0486,32.0,54.0,True,7,8.0,nbhd_disruption(48.6);nbhd_multi_interface(3);buried_core,48.58,38.25,6.25,gli3,True,Tier 1,True,Fold destab. + PPI stabilization (conflicting),gli3,4/4,4/4,4,4,95.52,very_high,8.0,high_contact,H,0.113006173,partially_buried,H,8.0,5,tcf7l1;gli3;mdfi;kpna6;kpna1,True,tcf7l1;gli3;mdfi,3,88.52,85.16,10.0,9.2,10.0,9.2,,,,,,,,,,,,,,,,,,,,,,,,,,,,,,,,,,,,,,,,,,,,,,,,,,,,,,,,,,,,,,,,,,,,,,,,,,,,,,,,,,,,,,,,,,,,,,,,,82.04,9.0,2.0,True,0.037229275,buried_core,H,9.0,34.5,6.25,True,True,88.52,9.0,0.0,False,0.149217236,partially_buried,H,9.0,36.0,0.0,True,False,88.5,9.0,0.0,False,0.160508737,partially_buried,H,9.0,34.5,0.0,True,False,80.01,10.0,1.0,True,0.05034823,partially_buried,H,10.0,32.5,3.0,True,True,86.72,9.0,1.0,True,0.02156479,buried_core,H,9.0,29.75,2.0,True,True,high,95.52
zic3,323,T,M,81,moderately_conservative,1.51,size:small->medium;hydrophobic:False->True,Tier 2 | Fold destab. + PPI stabilization (conflicting) [gli3] | Concordance 4/4,Concordant high,4.0,Tier 2,9.06,6.0,0.0,,buried_core,gli3,,0,disruption(9.1);buried_core(gli3),Fold destab. + PPI stabilization (conflicting),gli3,False,True,True,True,True,True,likely_pathogenic,0.987,likely_pathogenic,Pathogenic,pathogenic,,,,,,1.4147,True,destabilizing,,high,0.06337,-5.551,-1.256666,highly_stabilizing,highly_stabilizing,5.0,gli3;kpna1;kpna6;mdfi;tcf7l1,,fold_disrupted; has_interaction_strengthened; fold_context_rescued(tcf7l1),gli3(-5.6),"kpna1, kpna6, mdfi, tcf7l1",,,,,False,,,,,,False,,,,,,False,,,,,,False,,,,,,False,,,,,,False,,,,,,False,,,,,,False,,-5.551,1.819912,highly_stabilizing,destabilizing,True,,-0.14,2.575563,neutral,highly_destabilizing,True,,-0.5826,1.556821,mildly_stabilizing,destabilizing,True,,0.06337,1.478612,neutral,destabilizing,True,,-0.0731,-1.970103,neutral,stabilizing,True,,4/4,4/4,4/4,4,4,4,4,4,4,1,1,1,1,1,1,1,1,5.551,20.75,37.0,True,7,8.0,nbhd_disruption(38.1);nbhd_multi_interface(4);buried_core,38.13,25.25,4.5,gli3,True,Tier 1,True,Fold destab. + PPI stabilization (conflicting),gli3,4/4,4/4,4,4,93.5,very_high,6.0,medium_contact,T,0.070898586,partially_buried,H,6.0,5,tcf7l1;gli3;mdfi;kpna6;kpna1,False,,0,85.13,81.58,8.0,7.4,8.0,7.4,,,,,,,,,,,,,,,,,,,,,,,,,,,,,,,,,,,,,,,,,,,,,,,,,,,,,,,,,,,,,,,,,,,,,,,,,,,,,,,,,,,,,,,,,,,,,,,,,72.82,8.0,0.0,False,0.03895984,buried_core,H,8.0,25.0,4.5,True,True,85.13,8.0,0.0,False,0.050626985,partially_buried,T,8.0,26.25,0.0,True,False,84.72,6.0,0.0,False,0.051418666,partially_buried,T,6.0,23.5,1.5,True,True,84.72,8.0,0.0,False,0.05843976,partially_buried,H,8.0,25.5,1.0,True,True,80.51,7.0,0.0,False,0.050626985,partially_buried,H,7.0,22.25,0.5,True,True,high,93.5
zic3,350,R,G,125,moderately_radical,2.33,size:large->small;charge:positive->neutral,Tier 1 | Fold destab. + PPI stabilization (conflicting) [gli3] | Concordance 3/4,Concordant high,8.0,Tier 1,32.62,14.0,5.0,gli3,buried_core,gli3,gli3;mdfi;tcf7l1,3,disruption(32.6);multi_interface(3);buried_core(gli3),Fold destab. + PPI stabilization (conflicting),gli3,False,True,True,True,True,True,likely_pathogenic,0.998,likely_pathogenic,VUS (mid),VUS (mid),,,,,,1.7709,True,destabilizing,,high,0.199,-9.7207,-2.924674,highly_stabilizing,highly_stabilizing,5.0,gli3;kpna1;kpna6;mdfi;tcf7l1,,fold_disrupted; has_interaction_strengthened,"gli3(-9.7), mdfi(-2.1), tcf7l1(-2.9)","kpna1, kpna6",,,,,False,,,,,,False,,,,,,False,,,,,,False,,,,,,False,,,,,,False,,,,,,False,,,,,,False,,-9.7207,3.409473,highly_stabilizing,highly_destabilizing,True,,0.199,2.057457,neutral,highly_destabilizing,True,,-0.0665,2.743297,neutral,highly_destabilizing,True,,-2.136972,2.54833,highly_stabilizing,highly_destabilizing,True,,-2.8982,3.525497,highly_stabilizing,highly_destabilizing,True,,3/4,4/4,3/4,3,4,4,4,3,4,1,1,1,1,1,1,0,1,9.7207,25.75,42.0,True,7,8.0,nbhd_disruption(95.0);nbhd_multi_interface(4);buried_core,94.95,40.75,15.0,gli3,True,Tier 1,True,Fold destab. + PPI stabilization (conflicting),gli3,3/4,4/4,3,4,97.06,very_high,9.0,high_contact,R,0.107774744,partially_buried,H,9.0,5,tcf7l1;gli3;mdfi;kpna6;kpna1,True,tcf7l1;gli3;mdfi,3,87.96,81.57,9.0,9.0,9.0,9.0,,,,,,,,,,,,,,,,,,,,,,,,,,,,,,,,,,,,,,,,,,,,,,,,,,,,,,,,,,,,,,,,,,,,,,,,,,,,,,,,,,,,,,,,,,,,,,,,,78.18,9.0,5.0,True,0.035840023,buried_core,H,9.0,26.75,15.0,True,True,80.56,9.0,0.0,False,0.096795084,partially_buried,H,9.0,27.0,0.25,True,True,81.99,9.0,0.0,False,0.148264461,partially_buried,H,9.0,25.5,0.0,True,False,79.16,9.0,2.0,True,0.132635107,partially_buried,H,9.0,25.75,2.5,True,True,87.96,9.0,1.0,True,0.104696717,partially_buried,H,9.0,25.75,2.75,True,True,high,97.06
zic3,402,S,P,74,moderately_conservative,1.38,none,Tier 2 | Stabilizing + PPI (potential GoF) [gli3] | Concordance 3/4,Concordant high,4.5,Tier 2,9.66,7.0,3.0,gli3,partially_buried,gli3,gli3,1,disruption(9.7);interface(gli3);partially_buried(gli3),Stabilizing + PPI (potential GoF),gli3,False,True,True,True,True,True,likely_pathogenic,0.998,likely_pathogenic,VUS (mid),VUS (mid),,,,,,-1.346,True,stabilizing,,high,0.0,-5.177,-1.03574,highly_stabilizing,highly_stabilizing,5.0,gli3;kpna1;kpna6;mdfi;tcf7l1,,fold_stabilized; has_interaction_strengthened,gli3(-5.2),"kpna1, kpna6, mdfi, tcf7l1",,,,,False,,,,,,False,,,,,,False,,,,,,False,,,,,,False,,,,,,False,,,,,,False,,,,,,False,,-5.177,-1.64213,highly_stabilizing,stabilizing,True,,0.0,0.21342,neutral,neutral,True,,0.0,-0.207519,neutral,neutral,True,,0.0,-0.711069,neutral,mildly_stabilizing,True,,-0.0017,0.052195,neutral,neutral,True,,3/4,4/4,3/4,3,4,4,4,3,4,1,1,1,1,1,1,0,1,5.177,18.25,31.0,True,7,6.5,nbhd_disruption(37.3);nbhd_interface(gli3);partially_buried,37.26,27.0,8.75,gli3,True,Tier 1,True,Stabilizing + PPI (potential GoF),gli3,3/4,4/4,3,4,88.48,confident,4.0,medium_contact,S,0.312941219,surface_exposed,H,4.0,5,tcf7l1;gli3;mdfi;kpna6;kpna1,True,gli3,1,87.27,78.21,5.0,4.2,5.0,4.2,,,,,,,,,,,,,,,,,,,,,,,,,,,,,,,,,,,,,,,,,,,,,,,,,,,,,,,,,,,,,,,,,,,,,,,,,,,,,,,,,,,,,,,,,,,,,,,,,77.55,5.0,3.0,True,0.0700049,partially_buried,H,5.0,21.75,8.75,True,True,72.77,4.0,0.0,False,0.268829853,surface_exposed,H,4.0,17.5,0.0,True,False,71.69,4.0,0.0,False,0.283533642,surface_exposed,H,4.0,17.5,0.0,True,False,81.75,4.0,0.0,False,0.261038703,surface_exposed,H,4.0,17.5,0.0,True,False,87.27,4.0,0.0,False,0.263674236,surface_exposed,H,4.0,17.5,0.0,True,False,high,88.48
zic3,405,K,E,56,moderately_conservative,1.04,size:large->medium;charge:positive->negative,Tier 2 | Fold destab. + PPI stabilization (conflicting) [gli3] | Concordance 4/4,Concordant high,3.5,Tier 2,8.32,8.0,4.0,gli3,surface_exposed,monomer,gli3,1,disruption(8.3);interface(gli3),Fold destab. + PPI stabilization (conflicting),gli3,False,True,True,True,True,True,likely_pathogenic,0.997,likely_pathogenic,VUS (high),VUS (high),,,,,,-0.1523,True,neutral,,high,0.0,-4.318,-0.8636,highly_stabilizing,highly_stabilizing,5.0,gli3;kpna1;kpna6;mdfi;tcf7l1,,fold_neutral; has_interaction_strengthened; fold_context_worsened(gli3),gli3(-4.3),"kpna1, kpna6, mdfi, tcf7l1",,,,,False,,,,,,False,,,,,,False,,,,,,False,,,,,,False,,,,,,False,,,,,,False,,,,,,False,,-4.318,2.705747,highly_stabilizing,highly_destabilizing,True,,0.0,-0.11214,neutral,neutral,True,,0.0,-0.25135,neutral,neutral,True,,0.0,-0.112312,neutral,neutral,True,,0.0,-0.152056,neutral,neutral,True,,4/4,4/4,4/4,4,4,4,4,4,4,1,1,1,1,1,1,1,1,4.318,23.25,40.0,True,7,5.5,nbhd_disruption(36.4);nbhd_interface(gli3),36.4,35.0,11.75,gli3,True,Tier 1,True,Fold destab. + PPI stabilization (conflicting),gli3,4/4,4/4,4,4,92.31,very_high,4.0,medium_contact,K,0.647051262,surface_exposed,H,4.0,5,tcf7l1;gli3;mdfi;kpna6;kpna1,True,gli3,1,90.92,80.29,5.0,4.2,5.0,4.2,,,,,,,,,,,,,,,,,,,,,,,,,,,,,,,,,,,,,,,,,,,,,,,,,,,,,,,,,,,,,,,,,,,,,,,,,,,,,,,,,,,,,,,,,,,,,,,,,83.22,5.0,4.0,True,0.283743058,surface_exposed,H,5.0,26.75,11.75,True,True,72.9,4.0,0.0,False,0.656614643,surface_exposed,H,4.0,24.0,0.0,True,False,69.61,4.0,0.0,False,0.690890697,surface_exposed,H,4.0,23.0,0.0,True,False,84.8,4.0,0.0,False,0.669174677,surface_exposed,H,4.0,23.25,0.0,True,False,90.92,4.0,0.0,False,0.644166321,surface_exposed,H,4.0,23.0,0.0,True,False,high,92.31
kpna6,128,R,Q,43,conservative,0.8,size:large->medium;charge:positive->neutral,Tier 2 | Structural variant - contact-driven (DDG neutral) | Concordance 1/4,Concordant high,3.0,Tier 2,7.2,9.0,0.0,,partially_buried,monomer,,0,disruption(7.2);partially_buried(monomer),Structural variant - contact-driven (DDG neutral),,False,True,True,True,True,True,likely_benign,likely_benign,0.3399,VUS (mid),VUS (mid),,,,,,0.976592,True,mildly_destabilizing,mildly_destabilizing,high,0.0002,0.0002,0.0002,neutral,neutral,1.0,kpna6,,fold_neutral,,kpna6,,,,,False,,,,,,False,,,,,,False,,,,,,False,,,,,,False,,,,,,False,,,,,,False,,,,,,False,,,,,,False,,,,,,False,,0.0002,0.385452,neutral,neutral,True,neutral_fold/neutral_interaction,,,,,False,,,,,,False,,1/4,2/4,1/4,1,4,2,4,1,4,1,1,0,0,0,0,0,1,0.976592,35.0,59.0,True,7,5.0,nbhd_disruption(28.0);partially_buried,28.0,35.0,0.0,,False,Tier 1,True,Structural variant - contact-driven (DDG neutral),,1/4,2/4,1,2,98.25,very_high,9.0,high_contact,R,0.116160962,partially_buried,H,9.0,1,kpna6,False,,0,97.71,97.71,10.0,10.0,10.0,10.0,,,,,,,,,,,,,,,,,,,,,,,,,,,,,,,,,,,,,,,,,,,,,,,,,,,,,,,,,,,,,,,,,,,,,,,,,,,,,,,,,,,,,,,,,,,,,,,,,,,,,,,,,,,,,,,,,,,,,,,,,97.71,10.0,0.0,False,0.080240175,partially_buried,H,10.0,35.75,0.0,True,False,,,,,,,,,,,,,,,,,,,,,,,,,high,98.25
kpna6,424,K,N,94,moderately_conservative,1.75,size:large->medium;charge:positive->neutral,Tier 2 | Fold destabilization | Concordance 3/4,Concordant high,3.0,Tier 2,10.5,6.0,0.0,,surface_exposed,monomer,,0,disruption(10.5),Fold destabilization,,False,True,True,True,True,True,likely_pathogenic,likely_pathogenic,0.6877,VUS (high),VUS (high),,,,,,1.04234,True,destabilizing,destabilizing,high,0.0,0.0,0.0,neutral,neutral,1.0,kpna6,,fold_disrupted; fold_context_rescued(kpna6),,kpna6,,,,,False,,,,,,False,,,,,,False,,,,,,False,,,,,,False,,,,,,False,,,,,,False,,,,,,False,,,,,,False,,,,,,False,,0.0,0.879446,neutral,mildly_destabilizing,True,disrupted_fold/neutral_interaction|fold_context_rescued,,,,,False,,,,,,False,,3/4,4/4,3/4,3,4,4,4,3,4,1,1,0,1,1,1,1,1,1.04234,32.25,57.0,True,7,4.0,nbhd_disruption(56.4),56.44,32.25,0.0,,False,Tier 2,True,Fold destabilization,,3/4,4/4,3,4,98.19,very_high,6.0,medium_contact,K,0.371699665,surface_exposed,H,6.0,1,kpna6,False,,0,96.55,96.55,4.0,4.0,4.0,4.0,,,,,,,,,,,,,,,,,,,,,,,,,,,,,,,,,,,,,,,,,,,,,,,,,,,,,,,,,,,,,,,,,,,,,,,,,,,,,,,,,,,,,,,,,,,,,,,,,,,,,,,,,,,,,,,,,,,,,,,,,96.55,4.0,0.0,False,0.520949277,surface_exposed,H,4.0,30.0,0.0,True,False,,,,,,,,,,,,,,,,,,,,,,,,,high,98.19
kpna6,498,I,T,89,moderately_conservative,1.66,size:medium->small;hydrophobic:True->False,Tier 2 | Fold destabilization | Concordance 3/4,Concordant high,4.0,Tier 2,14.94,9.0,0.0,,partially_buried,monomer,,0,disruption(14.9);partially_buried(monomer),Fold destabilization,,False,True,True,True,True,True,likely_pathogenic,likely_pathogenic,0.8778,VUS (high),VUS (high),,,,,,1.21359,True,destabilizing,destabilizing,high,0.0,0.0,0.0,neutral,neutral,1.0,kpna6,,fold_disrupted,,kpna6,,,,,False,,,,,,False,,,,,,False,,,,,,False,,,,,,False,,,,,,False,,,,,,False,,,,,,False,,,,,,False,,,,,,False,,0.0,1.555643,neutral,destabilizing,True,disrupted_fold/neutral_interaction|fold_context_confirmed,,,,,False,,,,,,False,,3/4,4/4,3/4,3,4,4,4,3,4,1,1,0,1,1,1,1,1,1.555643,29.75,51.0,True,7,5.0,nbhd_disruption(49.4);partially_buried,49.38,29.75,0.0,,False,Tier 1,True,Fold destabilization,,3/4,4/4,3,4,95.94,very_high,9.0,high_contact,I,0.122601849,partially_buried,H,9.0,1,kpna6,False,,0,93.65,93.65,9.0,9.0,9.0,9.0,,,,,,,,,,,,,,,,,,,,,,,,,,,,,,,,,,,,,,,,,,,,,,,,,,,,,,,,,,,,,,,,,,,,,,,,,,,,,,,,,,,,,,,,,,,,,,,,,,,,,,,,,,,,,,,,,,,,,,,,,93.65,9.0,0.0,False,0.159382404,partially_buried,I,9.0,28.5,0.0,True,False,,,,,,,,,,,,,,,,,,,,,,,,,high,95.94
